observed_slope,implied_slope,slope_difference,elderly_share_sd
0.5937514892767947,0.371833952718627,0.22191753655816765,0.0009442707877874187
0.2617125724452897,0.356059015288474,-0.09434644284318427,0.0009836800723353246
0.3652146881774419,0.436478321611823,-0.07126363343438108,0.0009338759925545743
0.1843689889953278,0.22826216356408272,-0.04389317456875491,0.0008840682510626676
0.14307142952815555,0.26387487421456285,-0.1208034446864073,0.0009562521021592842
0.6320492482036484,0.35403099192154797,0.2780182562821004,0.0009361569032859354
0.5034914159975384,0.34495630594100607,0.15853511005653237,0.0010923380484595849
-0.1338694477079569,0.2798058420900138,-0.4136752897979707,0.0009178400428242866
0.26800586965017065,0.3749586336761301,-0.10695276402595943,0.0008636092502446293
0.6317645099151307,0.3220630300986602,0.30970147981647045,0.000764820678973863
0.6501268244084307,0.30369709884225987,0.34642972556617085,0.0009261385689213816
0.5325842432988179,0.35770662774398915,0.17487761555482878,0.0010200231957001185
0.2766985203595306,0.24621802157222486,0.030480498787305715,0.0010352967121323154
0.5518604401441368,0.3582938133718011,0.19356662677233571,0.0010850411169726294
0.1688935553073691,0.3158457564035904,-0.1469522010962213,0.0011080237336551129
0.28886254711256315,0.2735954859951076,0.015267061117455571,0.0008079388616452316
0.20384203697629696,0.3158775656461482,-0.11203552866985125,0.0008205665378169663
0.11900930308219476,0.3631921004347048,-0.24418279735251003,0.0009285516977325952
0.5270873468559594,0.3154302240997761,0.21165712275618326,0.0011700781523866562
0.4160894852831507,0.3259374342647419,0.09015205101840879,0.0010370430500260832
0.543439838612694,0.3016404026841791,0.24179943592851488,0.0009729234727242278
0.376226071629909,0.38025568589666703,-0.004029614266758019,0.0008940511032542458
0.3176471001074213,0.3950863290036797,-0.07743922889625837,0.0010077983164152133
0.02073185915893768,0.30606442943885276,-0.2853325702799151,0.0011403010688915492
0.09804482655557051,0.33679972839460676,-0.23875490183903625,0.0008645583753390116
0.22065096580857627,0.35687712485093465,-0.13622615904235838,0.0011685170891874612
0.223573350166215,0.33388397318254404,-0.11031062301632905,0.0009967763181724996
0.4003004492991012,0.3302010566893051,0.07009939260979609,0.0011100879349695647
0.20137445621212832,0.35170744325643327,-0.15033298704430495,0.0007488689170406645
0.25489689791816644,0.2988655693981849,-0.043968671480018484,0.0008973512351066732
0.41790829794637835,0.31625206425177915,0.1016562336945992,0.001041651036268442
0.6154134171880523,0.33656273789937713,0.2788506792886752,0.000933450691873933
0.19436067005833382,0.37181716537892634,-0.17745649532059252,0.0008062548818184677
0.43919884216998284,0.3060363182852648,0.13316252388471805,0.0011705032662339475
0.511111930723782,0.30841143835101287,0.20270049237276916,0.0008940524976877093
0.4767341365472901,0.37441742752953683,0.10231670901775325,0.0013213675202054791
0.3404140830480533,0.3186155264386973,0.021798556609356035,0.0010394186491642277
-0.16243167610028436,0.2899308521471693,-0.45236252824745365,0.0010294942714172567
0.0219355248846806,0.30346847021207424,-0.28153294532739365,0.0014583558458910548
0.1022196138456611,0.2820631046692742,-0.17984349082361312,0.0012442600525232352
0.4579060015522633,0.3879764799438799,0.0699295216083834,0.0008679841451666696
0.2762849748818442,0.3135018758083846,-0.0372169009265404,0.0010562744561371635
0.3066456359046586,0.20671942087081302,0.09992621503384558,0.0011452655487825573
0.599913103634594,0.3462014623657316,0.2537116412688624,0.001042913707559038
0.347267422323671,0.3797869934085237,-0.03251957108485265,0.0010453361248089362
0.12731275889463942,0.3375194808453496,-0.2102067219507102,0.0007528434234765196
0.23996869211716185,0.37919262827730504,-0.1392239361601432,0.0009372514904744375
0.25287863459447896,0.2850905056412326,-0.03221187104675366,0.0009470123712684024
0.16588465001962652,0.2529509154618373,-0.08706626544221077,0.001052857969354023
0.5564856747309753,0.3171581234510371,0.2393275512799382,0.0011742868179249705
0.7217597973236938,0.34285933515270794,0.37890046217098583,0.0009595607966953276
0.4864240093877305,0.36787443323901003,0.11854957614872047,0.0010507713277136835
0.16611343038296816,0.313024744837973,-0.14691131445500483,0.0009706484547999066
0.4751690769413202,0.32808869032506593,0.14708038661625428,0.001054908058143278
0.29404695785356505,0.34551701678383734,-0.05147005893027229,0.0009852147600454334
0.2135297988907652,0.24752378563275956,-0.03399398674199436,0.0010991896649323889
0.29278556471759654,0.351588060729975,-0.05880249601237847,0.0009327558554040435
0.3569766026290263,0.29684992425482376,0.06012667837420255,0.0009318709758492971
0.5893982160625565,0.39736111170187305,0.19203710436068344,0.0010359922664362716
0.44485899399870454,0.32369769280324134,0.1211613011954632,0.00088598130312362
0.20301990989094773,0.34724223993097186,-0.14422233004002413,0.0014683839111593795
0.3306643833402928,0.3351973407474553,-0.0045329574071624745,0.0009119671470707319
0.6058538726293798,0.39559483320208483,0.210259039427295,0.0008152653504447966
0.2818630304510783,0.31330328233174953,-0.03144025188067123,0.001131666332063968
0.05522595288451454,0.30645787895975085,-0.2512319260752363,0.0010192569836631673
-0.0441663459762159,0.3656695587914532,-0.40983590476766907,0.0008106082483527705
0.3034333498033737,0.32568902011362055,-0.022255670310246833,0.0009873212538401579
0.3016079543505466,0.245486399853747,0.05612155449679959,0.0010448417062696841
0.11143428865797535,0.3218194812483843,-0.21038519259040894,0.000840212012945749
0.5636216377340257,0.2944214300647312,0.26920020766929453,0.000883513855823985
0.459523614403958,0.341691994898097,0.11783161950586102,0.0010853527271609258
0.5294590005480964,0.34580308565883444,0.18365591488926192,0.0009645761138952708
0.21527721408023154,0.34977558758856453,-0.134498373508333,0.000881180868182708
0.17063434155999663,0.3273105111366558,-0.1566761695766592,0.0009444451598666126
0.49145115855246585,0.33407914114747517,0.15737201740499068,0.0013324531652281362
0.38308289835905596,0.25651029174817114,0.12657260661088482,0.000852459231617745
0.4111600227031335,0.3245778581672535,0.08658216453588002,0.0009131361038569342
-0.4591832810895666,0.2668537455978459,-0.7260370266874125,0.000929538903699735
0.2627814889055139,0.3197309291634394,-0.05694944025792553,0.0011642374852185704
0.2635916441240453,0.39367496741185076,-0.13008332328780547,0.000947842246536454
0.304194798305431,0.3834593604288037,-0.07926456212337268,0.0011402914489707175
0.3132919632918225,0.24936434347171607,0.06392761982010645,0.0009197314013140509
0.8806272585454407,0.3759576543403839,0.5046696042050567,0.0009473573074494625
0.10257154600892726,0.401555748517788,-0.29898420250886076,0.0007161917984283978
0.09366380292316377,0.2038356761300124,-0.11017187320684864,0.0008009783011624685
0.4529338223544066,0.36287481753099815,0.09005900482340845,0.0010453352983145476
0.020456404345627687,0.41051201855942837,-0.3900556142138007,0.000850446505953119
0.4652318674883304,0.38534510716651355,0.07988676032181685,0.0012336243743665157
0.2106713870283878,0.3551833938786647,-0.1445120068502769,0.0009271791494523412
0.23057532781951415,0.34912738712012054,-0.11855205930060639,0.0010536206325379995
0.2070797990269322,0.4349769650379761,-0.22789716601104393,0.0009276820170457929
0.2808000578040516,0.24128906345327528,0.03951099435077632,0.0010617737995363287
0.4103498076814997,0.35745587903312265,0.05289392864837705,0.0009762266617413333
0.41188184004593054,0.30132532071438034,0.1105565193315502,0.0007907647476766235
0.2155804362676237,0.2749633391747957,-0.05938290290717202,0.0010132105669615104
0.39592334121627965,0.3284590476741936,0.06746429354208605,0.0008908692636700448
0.5749944353411904,0.3162867661520627,0.25870766918912774,0.0011623302806366847
0.2660556248472432,0.3737982932062166,-0.10774266835897339,0.0007953084669314734
0.15929782918213797,0.30922612448038705,-0.14992829529824908,0.0010673438722408328
0.2678905387199257,0.3408315594459073,-0.07294102072598163,0.0009099446470248643
0.5490788388747483,0.38425040687943995,0.16482843199530833,0.0009822301968479758
0.12197410825277892,0.2457980026687068,-0.12382389441592788,0.0010583254225277508
0.35149501029260216,0.2880580063855682,0.06343700390703394,0.001185557337049487
0.39586922152851745,0.3667833490798458,0.029085872448671668,0.0009743456587045587
0.18071298137191963,0.26443697464212657,-0.08372399327020694,0.0009405394519580056
0.07314509856075009,0.2632950349714331,-0.190149936410683,0.0011946885571902876
0.2826394682646745,0.3751172502248647,-0.09247778196019019,0.000935034458255517
0.38986038987634863,0.3601769463562318,0.029683443520116815,0.0009566858596908183
0.03547165561552931,0.31513032259419393,-0.2796586669786646,0.001095353622112403
0.14026942878060375,0.3446010656613962,-0.20433163688079245,0.0009820623883662653
0.17737796095664907,0.34621935983074037,-0.1688413988740913,0.0009168201898480627
0.26049746641210764,0.27500898478930985,-0.014511518377202215,0.000798867568514943
0.6543670303832624,0.35916539359440486,0.2952016367888575,0.0009310502012757511
0.31614811685610555,0.36960643832296436,-0.053458321466858805,0.0009825210483091586
0.17035071555845244,0.3435850646028687,-0.17323434904441626,0.0009802199007930333
0.08285281568221445,0.2793888519320139,-0.19653603624979946,0.0009625155552109309
0.1371943325095085,0.3076607629156639,-0.17046643040615542,0.0007258807483301845
0.5859932779438813,0.3464863975926303,0.23950688035125106,0.0012901775181572684
0.6538087894650969,0.3156182332691924,0.3381905561959045,0.0010138031058076584
0.47906955286719305,0.30077257091047926,0.17829698195671378,0.0010622997909133967
0.5667808791285304,0.3098581478154804,0.25692273131305,0.0010478270399136103
0.23535930496557186,0.2290320427498488,0.006327262215723051,0.0009830770432813533
-0.1425291745290903,0.2914285681193026,-0.43395774264839293,0.0008710537573767205
0.4752709029893594,0.33041931551573217,0.14485158747362725,0.0010061795103736997
0.07160873779380245,0.39315893543144326,-0.3215501976376408,0.000850604021873355
-0.36666572291439875,0.236651069186508,-0.6033167921009067,0.0007857571047895217
0.6011017747280535,0.3942919168030222,0.20680985792503126,0.0009276453360020029
0.28712524411553214,0.2831436665809094,0.003981577534622749,0.0010339978338756901
0.3104406033327048,0.3658928959691073,-0.0554522926364025,0.0009371306791183432
0.7483182727764651,0.39338371117396187,0.35493456160250325,0.0009278051063449839
0.23782687916090156,0.41013458430959787,-0.1723077051486963,0.0010034709133985608
0.4701307788608446,0.3306245759853561,0.13950620287548848,0.0009626120421866452
-0.10201649897639226,0.4057796921212652,-0.5077961910976574,0.0008883639062415127
0.23257085367536945,0.30287388332975435,-0.0703030296543849,0.0012754533635144485
-0.018311271200098,0.28719182421547373,-0.30550309541557175,0.0008183637520251071
0.3738019516383567,0.30189761475839544,0.07190433687996128,0.0008454256709455807
0.23754401225226357,0.34307074514791164,-0.10552673289564807,0.0012195399382945824
0.4916927340179515,0.36532492508410674,0.12636780893384475,0.0010189209798336881
0.13870500094771984,0.30055938630063367,-0.16185438535291383,0.0007526680899443246
0.3905374587459989,0.31781868229137084,0.07271877645462804,0.0011810778706245447
0.23097502108321152,0.27255669278102046,-0.041581671697808936,0.0008738145034923783
0.42475008196438,0.28003462778919846,0.14471545417518156,0.000885400449882627
0.28268369207712307,0.3478115897929842,-0.06512789771586114,0.0011317337150627286
0.17564318772505527,0.2954360141867983,-0.11979282646174305,0.0009749319041254217
0.4280780183494578,0.3153191264917128,0.11275889185774501,0.0010753136937574944
0.31157912663506615,0.2679912610011119,0.043587865633954226,0.0008217318422439146
-0.1536789605589274,0.26668319663659373,-0.42036215719552117,0.0008655459957125309
0.6006743569382942,0.4066683805486872,0.19400597638960698,0.0011344471443791601
0.9402035923671452,0.38666006426422694,0.5535435281029183,0.0008615566086802231
0.4864424163558335,0.36890046468590326,0.11754195166993026,0.0011546361963869116
0.11434660902149721,0.29411938575070445,-0.17977277672920725,0.001206364215232949
0.13025929005895834,0.3154573997638816,-0.18519810970492326,0.0009563079789624034
0.19925788012656256,0.3047638508294205,-0.10550597070285792,0.0009530578891249268
0.6476265087802136,0.3391634526203539,0.30846305615985964,0.0011033415384449421
0.44560793284565786,0.396377252698288,0.049230680147369865,0.0009724093631810528
0.1478107543028469,0.3244610026903358,-0.17665024838748888,0.001117825958349149
0.8587315164003696,0.31857373070772443,0.5401577856926452,0.0009517386203469608
0.41804780701424804,0.3746837089403376,0.04336409807391045,0.0009942144292211103
0.3425098522094306,0.2875920200632504,0.05491783214618018,0.00097978713334178
-0.0737188991213431,0.27869562075823273,-0.35241451987957584,0.0008525292198218335
0.2361676310625187,0.30051395948354254,-0.06434632842102384,0.0010406811399774648
0.6018135538616749,0.41512619938662493,0.18668735447504997,0.0009330945284215516
0.2833774042583622,0.4364321298053451,-0.1530547255469829,0.0008056388685556697
0.3623564690140136,0.270404219764175,0.09195224924983858,0.0009500980838256591
0.3450279932943595,0.3197351466716824,0.025292846622677112,0.001271123961069149
0.2909696577145337,0.2975500333762328,-0.006580375661699112,0.0009241028230407115
0.5260066604544974,0.3035099310719253,0.2224967293825721,0.0009412815931867022
0.2960771702886352,0.32570353430445725,-0.029626364015822026,0.0008435828474272166
0.2599649448559604,0.3098656383554226,-0.04990069349946219,0.0010730258933865217
0.40682941732661587,0.31456494633783305,0.09226447098878282,0.0008026247569973272
0.28192025171850754,0.35259955727505543,-0.07067930555654789,0.0009848259587498722
0.6099956773363832,0.41077172466886586,0.1992239526675173,0.0010636701993281732
0.6185564336282049,0.3533311450370169,0.265225288591188,0.0009064423888399474
-0.33631585715310547,0.28518720372176043,-0.621503060874866,0.0009507889688405767
0.08654105128203136,0.36083124392597743,-0.27429019264394605,0.0009169129109220758
0.300063332986863,0.34396364066391094,-0.043900307677047945,0.0009997250660093552
-0.05015702380286642,0.24905986023613594,-0.2992168840390024,0.0009352211140778405
0.6753867693167722,0.40704458070006805,0.26834218861670417,0.0011771553543744014
0.25965898002366977,0.2979944927043547,-0.03833551268068491,0.0010080524241209167
0.33292399606105816,0.3474610578735719,-0.01453706181251374,0.0011006009070795683
0.3080398506076604,0.3968265402974909,-0.0887866896898305,0.0010941776368855792
0.3290004869964718,0.3162883876014825,0.012712099394989296,0.0013637678307514038
0.17190759040227374,0.32114835169074657,-0.14924076128847283,0.0011326038347272336
0.19982650880439803,0.26361580788535105,-0.06378929908095302,0.0008628679239303644
0.27498852924043005,0.391903095651182,-0.11691456641075193,0.0010863144328702628
0.3065236586255262,0.36894127681596106,-0.06241761819043484,0.0009843105595207656
0.4976667581012682,0.3083115107764995,0.18935524732476872,0.000964569632059425
0.34967235748328723,0.29503856197472283,0.0546337955085644,0.0015828938339131282
0.387394116453777,0.3413281425147463,0.046065973939030724,0.0007879823744073165
0.8055724900851506,0.32535808781624187,0.48021440226890877,0.00094443257141183
0.3248481120993249,0.29335246084159383,0.03149565125773107,0.0009332480429898326
0.1103297228371923,0.35709875124487334,-0.24676902840768103,0.0009652304062704542
0.4667376384186251,0.37255466609402044,0.09418297232460465,0.0009099809022083592
0.39856527314270207,0.279360171425639,0.11920510171706306,0.0009844425591952902
0.4451803521962665,0.36106335374486004,0.08411699845140647,0.0006773753761284618
0.5555562398525692,0.3232580013637169,0.23229823848885228,0.0010739444706950754
0.22993897818343545,0.2560398781751316,-0.026100899991696125,0.0008228727158541072
0.32145628781999036,0.31538792012773587,0.006068367692254495,0.0009751918576192216
0.609279824513554,0.38561587609236087,0.22366394842119314,0.0007747161696496829
0.06590447157076386,0.3482288951879075,-0.28232442361714366,0.0008357471493041604
0.03311642541976557,0.2892482074747822,-0.25613178205501663,0.0009751904749206862
0.08432443756739956,0.2636275643742454,-0.17930312680684585,0.0007681827888791192
0.2940052614607118,0.33405276084839447,-0.04004749938768265,0.0008848106284908362
0.6053836246639275,0.35985740649610093,0.24552621816782655,0.0008810403805830073
0.6141163095632723,0.3253972599024229,0.28871904966084944,0.0008265633126244513
-0.2972912900603158,0.3459983709066363,-0.6432896609669521,0.0008635964522553463
0.641497060113297,0.348006793787652,0.293490266325645,0.000900221928539666
0.2793884658703962,0.3879316722953797,-0.10854320642498355,0.0009176006237250768
0.15968200662819793,0.36390204907697316,-0.20422004244877523,0.0009834527693170743
0.15554912556587572,0.444153042794416,-0.2886039172285403,0.0008608059290628161
0.21662809734757177,0.32668599675842164,-0.11005789941084987,0.0009619986799285127
0.6051690949123643,0.3396720307214335,0.2654970641909308,0.000994270790612908
0.09053218996883583,0.2991421831791139,-0.20860999321027807,0.0009206924797894362
0.39773963999153894,0.31034960872773004,0.0873900312638089,0.0009139689664944853
0.5141894940625016,0.38372470316573665,0.13046479089676494,0.0009428819979891525
0.23665195503362774,0.30374013636489855,-0.06708818133127081,0.0009677368022892159
0.6913216011841185,0.2888460264308899,0.40247557475322854,0.0008521331378791042
0.14231039623126535,0.32288515820713715,-0.1805747619758718,0.0009414131416745078
0.18793065208958185,0.3489169106665828,-0.16098625857700097,0.000782004819898263
0.18523244469576916,0.28056883974278185,-0.09533639504701269,0.001250150280171431
0.1842722432944693,0.3425012308952919,-0.15822898760082257,0.0011275282645377795
0.31991408006545285,0.3489291014215911,-0.02901502135613826,0.0011103083118231523
-0.08899289960924436,0.3390585728214182,-0.42805147243066255,0.0006957086340864236
0.6874349674793717,0.3035651413135707,0.383869826165801,0.0008190560099724048
0.5254213225689051,0.33095819598649173,0.19446312658241333,0.0008908605184224572
0.38906492306729323,0.2692571883045595,0.11980773476273371,0.0010051335246749698
0.27430092298118064,0.27281667367907314,0.0014842493021074987,0.0009269366815144923
0.3403789777772866,0.3721938126413546,-0.031814834864068,0.001099292787747952
0.3202878990612579,0.28633103183236636,0.03395686722889152,0.0012190961589780163
0.09928780858172967,0.3354700972303092,-0.2361822886485795,0.0008910455693105654
0.36068453897204344,0.18823663160924517,0.17244790736279828,0.0008939260640959475
0.2628383139891588,0.4011424139410037,-0.1383040999518449,0.0010078842579876923
0.5582221515915677,0.38374134775087637,0.17448080384069137,0.0009884819905490406
0.39326492352978093,0.33231696833741153,0.060947955192369396,0.0006998440416950298
0.7354858466879959,0.3132474523571651,0.42223839433083077,0.0011728493982089193
0.3430072247812187,0.34976293901133815,-0.006755714230119447,0.0010413258613045475
0.27096033857936785,0.2997300963964358,-0.02876975781706792,0.0008382727406721308
0.4103283726447129,0.3334186502119652,0.07690972243274768,0.0010201735974889007
0.22626734692055292,0.3178444525533455,-0.09157710563279256,0.0011670452420047379
0.10551254085436874,0.30994999944901996,-0.20443745859465123,0.0008194616489254161
0.33007987617395934,0.4064940028834097,-0.07641412670945036,0.0008254192447610164
0.1248092891648204,0.32461250944932013,-0.19980322028449973,0.0009532520631475552
0.3245530655261401,0.33538921362238583,-0.010836148096245724,0.0010836339632504023
0.09528927594377826,0.2873650271716195,-0.19207575122784123,0.0011624205615084493
0.44328594471771093,0.352550769244472,0.09073517547323895,0.0011056162023785317
0.48536336674450165,0.4138561245839242,0.07150724216057747,0.0009301646933093745
0.2531484178829093,0.43643904324838284,-0.18329062536547353,0.001197013063387408
-0.10049700545606874,0.4205940906087466,-0.5210910960648153,0.0009598025300320657
0.4399945697739656,0.2816523293269792,0.15834224044698642,0.001158842481591991
-0.09250880516578197,0.3249109598393533,-0.4174197650051353,0.001012931960079687
0.02590609361787447,0.37829528178520705,-0.35238918816733256,0.0008441518394161118
0.11233630665161295,0.2223154721907412,-0.10997916553912823,0.0008680804383353845
0.1916015304433631,0.33215448014631305,-0.14055294970294996,0.0008656877024362519
0.36033833813949717,0.26953345998659073,0.09080487815290644,0.0009707973962012475
0.12420826773039055,0.32116986085502863,-0.19696159312463807,0.0009364134119888096
0.05979911504665356,0.29966173541264685,-0.2398626203659933,0.0009687034509816595
0.39452356851334747,0.418075867479578,-0.02355229896623051,0.000827093615236203
0.3262952386005759,0.36347625539983885,-0.037181016799262945,0.000852530046347334
0.7494238395613503,0.3543331251991068,0.39509071436224347,0.0007863103814790243
0.16868063915805548,0.35864865035629506,-0.18996801119823958,0.001141719931882641
0.7496347861201216,0.41186602016174956,0.337768765958372,0.0011297208752448031
0.019909179644382664,0.2685092505281056,-0.24860007088372293,0.0008335205915688643
0.4557998812427599,0.23069831241732333,0.22510156882543655,0.000995724796335625
0.12575769737477524,0.3191595584540008,-0.19340186107922555,0.0011733884485564173
0.447485442313467,0.31081286954178206,0.13667257277168493,0.0009523688819768879
0.44724583655813893,0.3472042432454059,0.10004159331273305,0.001009688652463356
0.5399773599864737,0.35557360029808477,0.1844037596883889,0.0007871997365104588
0.5721903042467672,0.28847266062389226,0.28371764362287494,0.001011746217724793
0.7563300899258111,0.3403451713841769,0.41598491854163416,0.000895978209312792
0.37529229345032866,0.33633903758658384,0.03895325586374482,0.000935901183907385
0.05676883358421663,0.2875415759553938,-0.23077274237117718,0.0012322197665042716
0.43450434332083665,0.32288624426575824,0.11161809905507841,0.0009138803813164197
0.1623260258212421,0.2595482811172089,-0.09722225529596681,0.0010905185922257916
0.6950221754235695,0.3606227742514022,0.33439940117216727,0.000786453651920748
0.587229394716749,0.3547191607429644,0.23251023397378456,0.0010591003117118856
0.07029001729783398,0.2835956281338582,-0.21330561083602423,0.0010611521862031793
0.40864209234210463,0.38413084711406825,0.024511245228036382,0.0007524772482642468
0.7722593979363117,0.3544493145112212,0.4178100834250905,0.000938651179372683
0.40853544627272226,0.28446402221967615,0.12407142405304611,0.0011407923691386496
0.6967439002024346,0.2998835788738866,0.396860321328548,0.0011702737940234853
0.7184055275417568,0.3395005869370373,0.3789049406047195,0.0009537787162062915
0.4556612009333372,0.37283830033305976,0.08282290060027742,0.001133407980303117
0.4140851555965251,0.3101142974864913,0.10397085811003381,0.0011564719413153922
0.4636522732012956,0.30237334644380365,0.16127892675749195,0.0008810313215873448
0.13912390269177227,0.3960519453441584,-0.2569280426523861,0.0007652065292181666
0.5059867776855195,0.30989812218593177,0.1960886554995877,0.0008355043514776492
0.09403541330924339,0.31850020634855114,-0.22446479303930775,0.0010202348771134444
0.5119806410128473,0.29453161081806384,0.2174490301947835,0.0008983057827910547
0.07450055677859349,0.3657508589143992,-0.2912503021358057,0.0009721946047507498
0.6580957241061692,0.3716116026328337,0.2864841214733355,0.0012114701798845067
0.21338946247299254,0.3256734254827972,-0.11228396300980467,0.0013096136816861692
0.497486816671638,0.3520028625516432,0.14548395411999482,0.001163273981528111
0.6213367440781521,0.35254223556947645,0.26879450850867564,0.0010718730620409335
0.14710821647509306,0.3122871722422507,-0.16517895576715766,0.0009444296641980898
0.4315103473749901,0.30391605771280805,0.12759428966218206,0.0012023812541701864
0.39096973507409216,0.2921608215640308,0.09880891351006138,0.0010270324648281631
0.35722107823308585,0.3271563143745174,0.030064763858568433,0.0008348656164782991
0.1977737356754282,0.2590061683406257,-0.061232432665197484,0.0008624225709568374
0.5757190673259893,0.4397677266516456,0.13595134067434372,0.0009783512487889614
0.3811226085838957,0.3517986621227979,0.02932394646109776,0.001012250153188499
0.5291989755089773,0.3593712841327279,0.16982769137624942,0.001228605343241646
0.4766970364069089,0.36796138888596863,0.10873564752094028,0.001177189143488299
0.11990953136598552,0.4233403546670037,-0.30343082330101817,0.0008823940543645027
0.2716244282086996,0.33128743755234735,-0.059663009343647766,0.0009558496106612814
0.6681262571997754,0.3620229935975622,0.3061032636022132,0.000968162320096106
0.23001898272714338,0.3073675288468287,-0.07734854611968534,0.0010099479659494471
0.6353904681786968,0.37645441876274566,0.25893604941595116,0.0012581454257591352
0.39775391753568595,0.3055388973943506,0.09221502014133537,0.0012053335172918342
0.22457139738800314,0.3370618213160079,-0.11249042392800479,0.0007515293725661406
0.2414650390265242,0.2919615583517885,-0.050496519325264305,0.0009516221437426275
0.22008675580274906,0.3174018374230693,-0.09731508162032027,0.0008350644398280295
-0.013783777255433364,0.32323100392643106,-0.3370147811818644,0.0012031052808371594
0.20202346047658754,0.35095978883342316,-0.14893632835683562,0.001222694463548036
0.053371512308973454,0.2874774306320425,-0.23410591832306904,0.001112878988083941
0.47262171450471796,0.25230676374438565,0.2203149507603323,0.0012409087154495449
0.14493729048721402,0.3068793074134819,-0.1619420169262679,0.0009178625986074385
0.4241860909545038,0.28383472220461775,0.14035136874988607,0.0008615548724405492
0.18836544882754885,0.3655234184239663,-0.17715796959641744,0.0010158606348341444
0.260913301861254,0.35028501646714144,-0.08937171460588744,0.0009599346467433345
0.31240889999586724,0.2714363432350934,0.040972556760773826,0.0009005384435176796
0.18916626841849912,0.32347326721504743,-0.1343069987965483,0.0008291274902036549
-0.04135022805293303,0.35054515832423283,-0.39189538637716587,0.0008107496779196468
0.3906046743424803,0.34707270636185394,0.04353196798062636,0.0009849836168222806
0.04999249330247847,0.32349725326387724,-0.2735047599613988,0.001030547237900736
0.3301304586519145,0.3516358175397039,-0.021505358887789428,0.0009195493121221166
0.3118967449125282,0.25236918008456105,0.05952756482796717,0.0007725961669892787
0.45006478169466074,0.29201210137044675,0.158052680324214,0.0007407216501892445
0.6697824015995252,0.37232235752197806,0.2974600440775471,0.001123888624093568
0.20762426739329662,0.29261258716373073,-0.08498831977043411,0.0013184901223838735
0.5522849304675261,0.33904215968220297,0.21324277078532317,0.0007818636836746192
0.45617392970279214,0.3461489403667034,0.11002498933608873,0.0009604551246258404
0.23048555351277117,0.3918852362061906,-0.16139968269341942,0.000589772939264225
0.5510215801549323,0.328639013803047,0.2223825663518853,0.0009650828099205394
0.44242921354827985,0.3043038552196918,0.13812535832858808,0.0009836745015545868
0.3315472076678238,0.32354345288919983,0.008003754778623973,0.001160317710448354
0.2791879200591451,0.3309376332580392,-0.0517497131988941,0.0008065320385358452
0.3457321803029306,0.2934995177160327,0.052232662586897904,0.0009043812335199371
0.3770291095001807,0.3887579126839875,-0.011728803183806813,0.0011250416911591544
0.18242691842788356,0.3479260878746289,-0.16549916944674536,0.0008449986568767413
0.33271207716355705,0.28660822055985274,0.04610385660370431,0.0009109698121141887
0.4119830291242439,0.23597915567523509,0.1760038734490088,0.0009300571310625061
0.4675429881602146,0.32211081032261496,0.14543217783759965,0.001154384846156638
0.23852330907121277,0.3262734406695387,-0.0877501315983259,0.0010912021346967929
0.35240861038262966,0.3413065740390099,0.011102036343619781,0.0008165450165438527
0.3362512487193912,0.3246398417334569,0.011611406985934325,0.0009773070923734658
0.3253878214060539,0.32135590738287095,0.004031914023182925,0.0012016688001651944
0.2988453504905903,0.3640003549420411,-0.06515500445145078,0.0011837588924440957
0.072210275553669,0.2874408610749868,-0.2152305855213178,0.0008981315696221561
0.594808515613983,0.3430402689926411,0.25176824662134184,0.0006995752876493477
0.4023874044031326,0.2934524423595775,0.10893496204355507,0.001074484345856384
0.29734760151956185,0.4101228007126281,-0.11277519919306622,0.000817189618585554
0.1240431515612234,0.29998557554532934,-0.17594242398410592,0.0010184694063589748
0.41811646772919525,0.28878214004146613,0.12933432768772912,0.001151094471937673
0.243943597643541,0.2975906945439568,-0.0536470969004158,0.0009803150585030627
0.3228665818980225,0.3038256549645702,0.019040926933452273,0.0009212835561561287
0.4486393113476992,0.39834333662157595,0.05029597472612324,0.0010853826112362666
0.586886907130014,0.3035527865402702,0.28333412058974383,0.0011986719864536025
0.028068463261557125,0.3333908806629063,-0.30532241740134913,0.0007885920278898517
0.40141063872159444,0.32809980448605985,0.07331083423553458,0.0010094435237841426
0.7153193062527604,0.32388625966586115,0.39143304658689926,0.0010664964945388013
0.0958853799565567,0.29538527669096964,-0.19949989673441293,0.0009602834061172667
0.3214256201364013,0.30707568277475583,0.01434993736164547,0.0008188834418466593
0.44829772015750435,0.3278356486524592,0.12046207150504518,0.0011433332841437182
0.36423023543974364,0.31684547459381285,0.047384760845930796,0.0008475679709889519
0.3602352128152004,0.38943032159908986,-0.02919510878388948,0.0011647679168408918
0.3315804167144925,0.3100250440864794,0.021555372628013103,0.0008682746905574245
0.20996100105345775,0.33521909901934455,-0.1252580979658868,0.0009307740563773929
0.20296644117907064,0.3458294132674033,-0.14286297208833265,0.0013159068677972075
0.30497573303975,0.26246606246191106,0.04250967057783894,0.0012425865934938463
0.5518144789112308,0.2869773263212622,0.2648371525899686,0.0007985688944955884
0.5229186959320428,0.3573303257882856,0.16558837014375716,0.0011376857903232925
0.30771529302478023,0.3309214075194925,-0.02320611449471227,0.0008854032817068993
0.3689414563247606,0.38484403452613924,-0.015902578201378637,0.000957868813344083
0.5624618023643938,0.33774519454259555,0.22471660782179825,0.0008630824237266863
0.1329896456934188,0.2937311885740557,-0.1607415428806369,0.0011766445351591621
0.15175526500557787,0.32248419067857015,-0.17072892567299228,0.000940030777456962
0.2939289687478636,0.3533668283130101,-0.05943785956514647,0.0011760448334726262
0.2504177032030316,0.27437816904335605,-0.023960465840324463,0.0009856188435294357
0.5180352245789092,0.285742052763488,0.23229317181542114,0.0010037213219699782
0.2310174713544264,0.3310478883889869,-0.1000304170345605,0.0010051011152781427
0.6214744585940909,0.33410354168086515,0.28737091691322575,0.0010020013308347342
0.5932234639559875,0.3351584639482046,0.2580650000077829,0.0007246856755175035
0.23080470648943566,0.28448182934726307,-0.053677122857827414,0.0013290885925747542
0.8491046804079873,0.36465452627024053,0.4844501541377467,0.0008893968437432061
0.372254628059101,0.2825158933031082,0.08973873475599276,0.001141798462054783
-0.06641141481066581,0.2622813694094194,-0.3286927842200852,0.0007020301169475191
0.22962517404789085,0.4192239949326396,-0.18959882088474878,0.0006319515246736013
0.3604941607929381,0.3466772348346369,0.013816925958301196,0.0010001140330746794
0.025715932671023525,0.36075264339487284,-0.33503671072384933,0.001023591237558842
0.2877551107016018,0.3107448627586497,-0.022989752057047896,0.0009564289704738648
0.3454081009320383,0.3802457481557219,-0.0348376472236836,0.001003152916066675
-0.07906306229814368,0.2543017762817281,-0.3333648385798718,0.0007807703353722412
0.6734941673412275,0.4401273770134068,0.23336679032782065,0.0007026468988682569
0.44112539551450425,0.35514884385069506,0.08597655166380919,0.0011854278321572142
0.27658374975631506,0.3440037707251863,-0.06742002096887123,0.0010726566044477642
0.30195548749275597,0.3261365641839902,-0.024181076691234205,0.0012498453085341022
0.2345332953187476,0.3669810125814566,-0.132447717262709,0.001134523362159998
0.22615804839090364,0.37421178080602047,-0.14805373241511682,0.0009761878995892682
0.3099361078061873,0.34994229794710907,-0.04000619014092177,0.0010085662366250546
0.5415583421146198,0.33065048041753736,0.21090786169708248,0.0009489971058442638
0.3017069348680324,0.34448186470967673,-0.04277492984164433,0.0010526951475002516
0.434332497572458,0.31954244369641777,0.11479005387604024,0.0009697185784204917
0.2786164262479016,0.34063531331750213,-0.062018887069600515,0.0011468461414803571
0.2990707829531102,0.38321836504074847,-0.08414758208763828,0.0009074116735082861
0.5880366728983469,0.30755809108326665,0.2804785818150803,0.0009632252225100245
0.33474370299854844,0.38140596734524596,-0.04666226434669751,0.0010866518612728982
0.2976608537751863,0.3010483299159915,-0.003387476140805201,0.0008802442953647453
0.27474356893553764,0.3533036781837412,-0.07856010924820356,0.0007351577794431292
0.11575142584515338,0.32306783447717796,-0.20731640863202458,0.0009230435026488799
0.3411778493756816,0.3306852820901825,0.010492567285499077,0.0010089737752605364
0.746569332335767,0.23847685666560764,0.5080924756701595,0.0007559355903963682
0.6398810043404433,0.28305620755365846,0.3568247967867848,0.0010804553530860597
0.4482461828972003,0.37149409962524865,0.07675208327195165,0.0008957498721810788
0.5557301704694085,0.3195233542493552,0.23620681622005335,0.000822524908183742
0.547816947268563,0.30781488716241356,0.24000206010614944,0.0014360786519054074
-0.09719003276641065,0.35450635072289693,-0.4516963834893076,0.001101022175295964
0.40267364248659504,0.3535020635866529,0.049171578899942114,0.0010537259583248506
0.16474823733325833,0.28736910517170405,-0.12262086783844572,0.0007533535081548734
0.3022613725245268,0.3634153050662256,-0.06115393254169882,0.0010081752249179775
0.3114480119641262,0.32095552057516036,-0.009507508611034166,0.001004730211626168
0.4956016150650146,0.3166661413040775,0.1789354737609371,0.001029407228518024
0.2593528411307603,0.35066941489504583,-0.09131657376428554,0.001213076989369049
-0.2790318470522257,0.3235549764613288,-0.6025868235135545,0.0007637957951428179
0.45628110891434503,0.3652449395869226,0.09103616932742242,0.001048966966345015
0.40261620053954184,0.29576954775633224,0.1068466527832096,0.0010584500281272016
0.11204998637679349,0.3733882932102311,-0.2613383068334376,0.0008376732377180613
0.47272756174847874,0.35647127398471895,0.11625628776375979,0.0009088604070639954
0.24019026122531614,0.37042875081737936,-0.13023848959206322,0.0008285395373328438
0.0557924580695651,0.2984526268994558,-0.2426601688298907,0.0007528349672301047
-0.013699632262245874,0.45637238484497505,-0.4700720171072209,0.00102698754279229
0.2593441540090421,0.34100107853886247,-0.08165692452982037,0.0012045129643020178
0.528708279630306,0.34647632636331727,0.1822319532669887,0.001038287488216384
0.09626637810682025,0.25433452898262693,-0.15806815087580667,0.0009344513017116376
0.019806451840099548,0.32523454620932146,-0.3054280943692219,0.00079153779711482
0.3048983657881297,0.3251774225761988,-0.020279056788069127,0.0013601883222190986
0.45802413529772973,0.35934769278361284,0.09867644251411689,0.0007520215820955534
0.7151719491510329,0.3834473933410681,0.3317245558099648,0.0007865555085478954
0.09406473604295049,0.35240505874453837,-0.2583403227015879,0.000967761565427837
0.4183969818150237,0.43777154503882865,-0.01937456322380493,0.0006495846690862461
0.1827949746235537,0.2969282709190186,-0.11413329629546487,0.0010735927850497279
0.34403293417192204,0.3584051155943878,-0.014372181422465768,0.000778184080810233
0.5376574342926587,0.38815717893022555,0.1495002553624331,0.0009598719862998922
0.1867536835142494,0.3315548010123352,-0.1448011174980858,0.001017107031546674
0.07253393682089686,0.3199738329306558,-0.24743989610975892,0.0009846556187084264
0.8696101009603062,0.34240282037774555,0.5272072805825607,0.0010052584272489062
-0.16525311985883623,0.35752424517600856,-0.5227773650348448,0.0010027596582691065
0.3723099684022517,0.31227444117991693,0.060035527222334795,0.0009952723343906041
0.5471941334204129,0.3062791947957684,0.24091493862464453,0.001214743878730597
0.5361591067864223,0.3322541378458871,0.20390496894053523,0.0009023365519104938
0.35949471178129505,0.30340823150991153,0.05608648027138352,0.0008497534298384196
0.05838856924101498,0.2842342336289245,-0.22584566438790954,0.0009270014288226889
0.4848698845024276,0.2906903042832648,0.19417958021916276,0.0008582448128967887
0.12414155003576537,0.30884542710225665,-0.18470387706649127,0.0010590457595090119
0.3086510178456425,0.3704442755778419,-0.0617932577321994,0.0009398312927277502
0.5888909590554119,0.3163862401886251,0.2725047188667868,0.0010563917154559075
0.3368795827743408,0.28048783903126434,0.05639174374307648,0.0011011528450985064
0.35598169719147016,0.32046125350982774,0.03552044368164242,0.0012188203148340523
0.7507110362182642,0.3813952879316454,0.3693157482866188,0.0010170425338430756
0.23368726637457174,0.3002891222150084,-0.06660185584043668,0.000973566952095428
0.110578783392347,0.4504035726968957,-0.3398247893045487,0.0009414166013892088
0.7717313954105646,0.3035952264825079,0.46813616892805665,0.0009174224988820676
0.6606093366003716,0.3353267828583134,0.32528255374205817,0.001067939895008911
0.3061395960755981,0.3639830362050507,-0.057843440129452584,0.0008782390709370157
-0.043455410126065054,0.2909427134244625,-0.33439812355052756,0.0009775001003888533
0.2931709332919095,0.33043509211173006,-0.037264158819820536,0.0011707710855783694
0.4558177263158337,0.31661202037762726,0.13920570593820647,0.0010808470749166567
0.7546905199159468,0.32110566411017194,0.4335848558057749,0.0008419361318835412
0.35800284661630477,0.358282994554334,-0.0002801479380292182,0.0008715414964966833
0.48900566185860256,0.3791231888517112,0.10988247300689136,0.0010934284197216437
0.5737566234846717,0.2715159101687445,0.3022407133159272,0.0010342913884298138
-0.07721952330812024,0.3177463040390751,-0.3949658273471953,0.0009300604053324962
0.13685386635595356,0.3348601612985705,-0.19800629494261693,0.0011026161050891904
0.04903692267496543,0.3252076487754829,-0.2761707261005175,0.0008531578918575863
0.17420805579826706,0.24294233986285732,-0.06873428406459026,0.0007781369761751455
0.12662801750353228,0.33478427063736343,-0.20815625313383115,0.0008526107509467085
0.22847055461022808,0.2933060981119492,-0.0648355435017211,0.0011965859362998174
0.12262513688342963,0.3233256663819373,-0.2007005294985077,0.0010688624829403907
0.33139917993677864,0.3312434539162415,0.00015572602053715023,0.001017385238471754
0.4588651472657118,0.3629302896443643,0.09593485762134751,0.0008069616823920826
0.49427108693495914,0.26681552359268745,0.22745556334227168,0.0010109051616843296
0.8951919190319528,0.33343332072753834,0.5617585983044144,0.0010177362741562227
0.36777926927588567,0.31838682885338104,0.049392440422504624,0.0006969240342711711
0.15586646707052376,0.22944998748279147,-0.0735835204122677,0.0009436130099542234
0.1981140658028718,0.3195360897322664,-0.12142202392939458,0.0011332646512963202
-0.11543609730993418,0.3370734283044897,-0.4525095256144239,0.000762276242781007
0.15510024282989754,0.24472406196050348,-0.08962381913060594,0.0009178688565591609
0.2328933529951415,0.34817491640967585,-0.11528156341453435,0.0010761474378028974
0.6082133587354747,0.3620919440298638,0.24612141470561089,0.0007604731761131755
0.05521765436871235,0.321280908100756,-0.26606325373204365,0.000963625070288599
0.3903830940318263,0.3829382121464877,0.0074448818853385945,0.0008424516975057128
0.2644099806836415,0.33112172299153864,-0.06671174230789712,0.0010083677575916572
0.05264624696319477,0.3236080495547716,-0.2709618025915769,0.00111184006873945
0.7029310526486384,0.36794947967776415,0.3349815729708743,0.0009356509902532843
0.6281379722661963,0.3291118183790827,0.29902615388711357,0.0011202636653678624
0.26787772440380314,0.3721999192074305,-0.10432219480362737,0.0010537353835356087
0.05436644991629242,0.3611547066639444,-0.306788256747652,0.001112188730779796
0.23421583680518748,0.3382123411562676,-0.1039965043510801,0.0009106013253248608
0.6354159442380326,0.31857763204717027,0.31683831219086234,0.0007577502102378042
0.22512754832276494,0.34229687706614004,-0.1171693287433751,0.0007287721219957858
0.08540824022231955,0.27939527789221064,-0.1939870376698911,0.0010005427455151955
